{
  "n_tokens": 8,
  "m_pools": 20,
  "global_indices": [
    0,
    1,
    2,
    3,
    4,
    5,
    6,
    7
  ],
  "local_indices": [
    [
      3,
      5
    ],
    [
      1,
      2,
      4,
      5
    ],
    [
      1,
      3,
      6,
      7
    ],
    [
      3,
      7
    ],
    [
      2,
      3,
      4,
      6
    ],
    [
      2,
      4,
      5,
      7
    ],
    [
      0,
      1,
      2,
      3,
      6
    ],
    [
      0,
      1,
      3,
      4,
      7
    ],
    [
      2,
      3
    ],
    [
      0,
      1,
      5,
      6
    ],
    [
      2,
      7
    ],
    [
      0,
      1,
      4,
      7
    ],
    [
      0,
      1
    ],
    [
      1,
      2
    ],
    [
      2,
      3
    ],
    [
      3,
      4
    ],
    [
      4,
      5
    ],
    [
      5,
      6
    ],
    [
      6,
      7
    ],
    [
      7,
      0
    ]
  ],
  "reserves": [
    [
      45865.418762283814,
      37210.227434532106
    ],
    [
      13022421.777051792,
      983010.2886159581,
      4294527.287508359,
      1424583.1522086079
    ],
    [
      637122.4944519191,
      401728.12774076674,
      320487.2318816798,
      379410.3720803746
    ],
    [
      2478766.609133515,
      921828.2219459024
    ],
    [
      2289303.4546172046,
      2932566.790170094,
      4139989.74065431,
      1632716.796211027
    ],
    [
      6606964.383362892,
      793021.0547263804,
      39593.103692771314,
      504749.192817296
    ],
    [
      534518.2264276311,
      9552949.26691409,
      1746995.090713672,
      1631261.1494891723,
      5486981.387174882
    ],
    [
      928140.7469939946,
      1292776.8990334608,
      1831443.1817758547,
      390550.2012721552,
      322831.5549833658
    ],
    [
      132681.37655537404,
      127908.6308992261
    ],
    [
      334056.19309264806,
      3205155.180445282,
      4071724.1761297947,
      2518240.985104269
    ],
    [
      391805.90110360703,
      1017481.874766914
    ],
    [
      2937312.5247701867,
      2787697.6010291995,
      822433.4376994531,
      3724827.536278681
    ],
    [
      2853285.4191763904,
      4265571.743906959
    ],
    [
      2451354.283917545,
      346384.3280078523
    ],
    [
      734268.4436054844,
      120255.93512129736
    ],
    [
      6949808.774562935,
      649945.0585453484
    ],
    [
      5922690.85167164,
      3998427.9301402704
    ],
    [
      5837930.071537225,
      803713.1329837189
    ],
    [
      2253309.6842796197,
      3925842.8056896105
    ],
    [
      1062111.8384409721,
      4089759.604500559
    ]
  ],
  "fees": [
    0.995,
    0.9995,
    0.997,
    0.995,
    0.997,
    0.995,
    0.9995,
    0.995,
    0.995,
    0.995,
    0.995,
    0.995,
    0.997,
    0.9995,
    0.997,
    0.997,
    0.995,
    0.995,
    0.995,
    0.997
  ],
  "pool_types": [
    "product",
    "weighted",
    "weighted",
    "product",
    "weighted",
    "weighted",
    "weighted",
    "weighted",
    "product",
    "weighted",
    "sum",
    "weighted",
    "product",
    "product",
    "product",
    "product",
    "product",
    "product",
    "product",
    "product"
  ],
  "weights": [
    null,
    [
      0.3282109320424592,
      0.26481625647944296,
      0.18510967570350417,
      0.22186313577459363
    ],
    [
      0.27508219671641343,
      0.17480221342729646,
      0.22786257111782837,
      0.3222530187384619
    ],
    null,
    [
      0.16577019206886606,
      0.4321202095190134,
      0.19964165651958551,
      0.20246794189253503
    ],
    [
      0.3465026968311619,
      0.30944709453491187,
      0.18703541308152952,
      0.15701479555239678
    ],
    [
      0.07175379460261172,
      0.30609925319993797,
      0.24377245655757349,
      0.14388496368689452,
      0.2344895319529823
    ],
    [
      0.23859451412988117,
      0.2995551841451987,
      0.2438062259504244,
      0.12925824785742954,
      0.08878582791706637
    ],
    null,
    [
      0.3456796199828545,
      0.29769683605798203,
      0.2533901904656326,
      0.10323335349353076
    ],
    null,
    [
      0.265146357519417,
      0.2024862568419787,
      0.274975929020841,
      0.25739145661776336
    ],
    null,
    null,
    null,
    null,
    null,
    null,
    null,
    null
  ],
  "experiment": {
    "task": "purchase",
    "source_token": 0,
    "target_token": 5,
    "amount_grid": {
      "start": 0.0,
      "stop": 200000.0,
      "num": 41
    }
  }
}